,ID,state,mstat,deps,wages,siitax,other_salt,non_salt,fiitax_base,fiitax_repeal,fiitax_dem
0,11.0,1,1,0,25000.0,931.5,0,0,1262.406,1571.7559999999999,1262.406
1,12.0,1,1,0,85000.0,3180.26,0,0,11559.400000000001,13874.067,11559.400000000001
2,13.0,1,1,1,48000.0,1925.96,0,0,1168.2622000000001,2668.5815000000007,1168.2622000000001
3,14.0,1,2,0,200000.0,6092.1,7000,20000,28601.0988,30388.272999999994,28065.337199999998
4,15.0,1,2,0,80000.0,2217.0,8000,10000,6124.812,6658.860000000001,6124.812
5,16.0,1,2,1,500000.0,15140.47,11000,50000,101955.6054,115919.55679999999,98522.39240000001
6,17.0,1,2,2,66000.0,2733.65,0,0,444.8119999999999,2237.3695000000007,444.8119999999999
7,18.0,1,2,2,130000.0,4166.58,4000,15000,10318.8,12192.752999999999,10318.8
8,19.0,1,2,3,1200000.0,34575.99,5000,120000,331054.2892,363378.6926252,338348.14286
9,21.0,2,1,0,25000.0,0.0,0,0,1262.406,1571.7559999999999,1262.406
10,22.0,2,1,0,85000.0,0.0,0,0,11559.400000000001,13874.067,11559.400000000001
11,23.0,2,1,1,48000.0,0.0,0,0,1168.2622000000001,2668.5815000000007,1168.2622000000001
12,24.0,2,2,0,200000.0,0.0,7000,20000,29405.5992,31911.297999999995,29405.5992
13,25.0,2,2,0,80000.0,0.0,8000,10000,6124.812,6991.41,6124.812
14,26.0,2,2,1,500000.0,0.0,11000,50000,101955.6054,119838.284021,101835.4924
15,27.0,2,2,2,66000.0,0.0,0,0,444.8119999999999,2237.3695000000007,444.8119999999999
16,28.0,2,2,2,130000.0,0.0,4000,15000,10318.8,13234.398,10318.8
17,29.0,2,2,3,1200000.0,0.0,5000,120000,333147.31260000006,377070.78466520004,344472.67886000004
18,31.0,3,1,0,25000.0,453.91,0,0,1262.406,1571.7559999999999,1262.406
19,32.0,3,1,0,85000.0,2588.53,0,0,11559.400000000001,13874.067,11559.400000000001
20,33.0,3,1,1,48000.0,778.89,0,0,1168.2622000000001,2668.5815000000007,1168.2622000000001
21,34.0,3,2,0,200000.0,5662.15,7000,20000,28601.0988,30495.760499999997,28159.9262
22,35.0,3,2,0,80000.0,1538.64,8000,10000,6124.812,6760.614,6124.812
23,36.0,3,2,1,500000.0,17168.38,11000,50000,101955.6054,115919.55679999999,98522.39240000001
24,37.0,3,2,2,66000.0,1157.72,0,0,444.8119999999999,2237.3695000000007,444.8119999999999
25,38.0,3,2,2,130000.0,2887.21,4000,15000,10318.8,12512.595500000001,10318.8
26,39.0,3,2,3,1200000.0,45545.48,5000,120000,331054.2892,359034.7745852,338348.14286
27,41.0,4,1,0,25000.0,654.96,0,0,1262.406,1571.7559999999999,1262.406
28,42.0,4,1,0,85000.0,4092.41,0,0,11559.400000000001,13874.067,11559.400000000001
29,43.0,4,1,1,48000.0,1816.41,0,0,1168.2622000000001,2668.5815000000007,1168.2622000000001
30,44.0,4,2,0,200000.0,8909.62,7000,20000,28601.0988,29683.892999999996,27445.4828
31,45.0,4,2,0,80000.0,2833.39,8000,10000,6124.812,6566.4015,6124.812
32,46.0,4,2,1,500000.0,28042.78,11000,50000,101955.6054,115919.55679999999,98522.39240000001
33,47.0,4,2,2,66000.0,2077.39,0,0,444.8119999999999,2237.3695000000007,444.8119999999999
34,48.0,4,2,2,130000.0,4873.12,4000,15000,10318.8,12016.118,10318.8
35,49.0,4,2,3,1200000.0,71870.78,5000,120000,331054.2892,348609.9557852,338348.14286
36,51.0,5,1,0,25000.0,186.13,0,0,1262.406,1571.7559999999999,1262.406
37,52.0,5,1,0,85000.0,4379.0,0,0,11559.400000000001,13874.067,11559.400000000001
38,53.0,5,1,1,48000.0,63.99,0,0,1168.2622000000001,2668.5815000000007,1168.2622000000001
39,54.0,5,2,0,200000.0,10621.8,7000,20000,28601.0988,29255.847999999998,27068.803200000002
40,55.0,5,2,0,80000.0,1169.19,8000,10000,6124.812,6816.031499999999,6124.812
41,56.0,5,2,1,500000.0,39006.81,11000,50000,101955.6054,115919.55679999999,98522.39240000001
42,57.0,5,2,2,66000.0,159.6,0,0,444.8119999999999,2237.3695000000007,444.8119999999999
43,58.0,5,2,2,130000.0,3489.64,4000,15000,10318.8,12361.988,10318.8
44,59.0,5,2,3,1200000.0,116172.42,5000,120000,331054.2892,331066.5063452,338348.14286
45,61.0,6,1,0,25000.0,564.04,0,0,1262.406,1571.7559999999999,1262.406
46,62.0,6,1,0,85000.0,3342.04,0,0,11559.400000000001,13874.067,11559.400000000001
47,63.0,6,1,1,48000.0,1329.78,0,0,1168.2622000000001,2668.5815000000007,1168.2622000000001
48,64.0,6,2,0,200000.0,8252.6,7000,20000,28601.0988,29848.147999999994,27590.0272
49,65.0,6,2,0,80000.0,2517.09,8000,10000,6124.812,6613.8465000000015,6124.812
50,66.0,6,2,1,500000.0,21358.9,11000,50000,101955.6054,115919.55679999999,98522.39240000001
51,67.0,6,2,2,66000.0,1868.89,0,0,444.8119999999999,2237.3695000000007,444.8119999999999
52,68.0,6,2,2,130000.0,4832.09,4000,15000,10318.8,12026.3755,10318.8
53,69.0,6,2,3,1200000.0,51941.45,5000,120000,331054.2892,356501.9704651999,338348.14286
54,71.0,7,1,0,25000.0,163.73,0,0,1262.406,1571.7559999999999,1262.406
55,72.0,7,1,0,85000.0,4335.33,0,0,11559.400000000001,13874.067,11559.400000000001
56,73.0,7,1,1,48000.0,1194.17,0,0,1168.2622000000001,2668.5815000000007,1168.2622000000001
57,74.0,7,2,0,200000.0,10461.55,7000,20000,28601.0988,29295.910499999998,27104.058200000003
58,75.0,7,2,0,80000.0,3194.71,8000,10000,6124.812,6512.2035,6124.812
59,76.0,7,2,1,500000.0,29977.27,11000,50000,101955.6054,115919.55679999999,98522.39240000001
60,77.0,7,2,2,66000.0,2045.11,0,0,444.8119999999999,2237.3695000000007,444.8119999999999
61,78.0,7,2,2,130000.0,6419.83,4000,15000,10318.8,11629.440499999999,10318.8
62,79.0,7,2,3,1200000.0,83772.31,5000,120000,331054.2892,343896.94990520005,338348.14286
63,81.0,8,1,0,25000.0,796.17,0,0,1262.406,1571.7559999999999,1262.406
64,82.0,8,1,0,85000.0,4284.35,0,0,11559.400000000001,13874.067,11559.400000000001
65,83.0,8,1,1,48000.0,1935.08,0,0,1168.2622000000001,2668.5815000000007,1168.2622000000001
66,84.0,8,2,0,200000.0,9160.97,7000,20000,28601.0988,29621.055499999995,27390.1858
67,85.0,8,2,0,80000.0,2518.82,8000,10000,6124.812,6613.5869999999995,6124.812
68,86.0,8,2,1,500000.0,26598.51,11000,50000,101955.6054,115919.55679999999,98522.39240000001
69,87.0,8,2,2,66000.0,2086.7,0,0,444.8119999999999,2237.3695000000007,444.8119999999999
70,88.0,8,2,2,130000.0,4972.69,4000,15000,10318.8,11991.225499999999,10318.8
71,89.0,8,2,3,1200000.0,68337.6,5000,120000,331054.2892,350009.0950652,338348.14286
72,91.0,9,1,0,25000.0,347.87,0,0,1262.406,1571.7559999999999,1262.406
73,92.0,9,1,0,85000.0,4403.55,0,0,11559.400000000001,13874.067,11559.400000000001
74,93.0,9,1,1,48000.0,1501.58,0,0,1168.2622000000001,2668.5815000000007,1168.2622000000001
75,94.0,9,2,0,200000.0,11324.31,7000,20000,28601.0988,29080.220499999996,26914.251
76,95.0,9,2,0,80000.0,2818.52,8000,10000,6124.812,6568.632,6124.812
77,96.0,9,2,1,500000.0,35143.95,11000,50000,101955.6054,115919.55679999999,98522.39240000001
78,97.0,9,2,2,66000.0,1978.52,0,0,444.8119999999999,2237.3695000000007,444.8119999999999
79,98.0,9,2,2,130000.0,5908.54,4000,15000,10318.8,11757.262999999997,10318.8
80,99.0,9,2,3,1200000.0,93106.89,5000,120000,331054.2892,340200.4562252,338348.14286
81,101.0,10,1,0,25000.0,0.0,0,0,1262.406,1571.7559999999999,1262.406
82,102.0,10,1,0,85000.0,0.0,0,0,11559.400000000001,13874.067,11559.400000000001
83,103.0,10,1,1,48000.0,0.0,0,0,1168.2622000000001,2668.5815000000007,1168.2622000000001
84,104.0,10,2,0,200000.0,0.0,7000,20000,29405.5992,31911.297999999995,29405.5992
85,105.0,10,2,0,80000.0,0.0,8000,10000,6124.812,6991.41,6124.812
86,106.0,10,2,1,500000.0,0.0,11000,50000,101955.6054,119838.284021,101835.4924
87,107.0,10,2,2,66000.0,0.0,0,0,444.8119999999999,2237.3695000000007,444.8119999999999
88,108.0,10,2,2,130000.0,0.0,4000,15000,10318.8,13234.398,10318.8
89,109.0,10,2,3,1200000.0,0.0,5000,120000,333147.31260000006,377070.78466520004,344472.67886000004
90,111.0,11,1,0,25000.0,823.71,0,0,1262.406,1571.7559999999999,1262.406
91,112.0,11,1,0,85000.0,4423.71,0,0,11559.400000000001,13874.067,11559.400000000001
92,113.0,11,1,1,48000.0,1934.49,0,0,1168.2622000000001,2668.5815000000007,1168.2622000000001
93,114.0,11,2,0,200000.0,10043.02,7000,20000,28601.0988,29400.54299999999,27196.134799999996
94,115.0,11,2,0,80000.0,3654.19,8000,10000,6124.812,6443.281499999999,6124.812
95,116.0,11,2,1,500000.0,27066.52,11000,50000,101955.6054,115919.55679999999,98522.39240000001
96,117.0,11,2,2,66000.0,2426.51,0,0,444.8119999999999,2237.3695000000007,444.8119999999999
97,118.0,11,2,2,130000.0,5514.19,4000,15000,10318.8,11855.850499999999,10318.8
98,119.0,11,2,3,1200000.0,66859.35,5000,120000,331054.2892,350594.4820652,338348.14286
99,121.0,12,1,0,25000.0,1067.34,0,0,1262.406,1571.7559999999999,1262.406
100,122.0,12,1,0,85000.0,5643.47,0,0,11559.400000000001,13874.067,11559.400000000001
101,123.0,12,1,1,48000.0,2362.62,0,0,1168.2622000000001,2668.5815000000007,1168.2622000000001
102,124.0,12,2,0,200000.0,12264.57,7000,20000,28601.0988,28845.155499999993,26707.393799999998
103,125.0,12,2,0,80000.0,3359.6,8000,10000,6124.812,6487.470000000001,6124.812
104,126.0,12,2,1,500000.0,41454.22,11000,50000,101955.6054,115919.55679999999,98522.39240000001
105,127.0,12,2,2,66000.0,3268.23,0,0,444.8119999999999,2237.3695000000007,444.8119999999999
106,128.0,12,2,2,130000.0,6659.95,4000,15000,10301.0988,11569.4105,10300.4102
107,129.0,12,2,3,1200000.0,118693.94,5000,120000,331054.2892,330067.98442520003,338348.14286
108,131.0,13,1,0,25000.0,460.26,0,0,1262.406,1571.7559999999999,1262.406
109,132.0,13,1,0,85000.0,4615.05,0,0,11559.400000000001,13874.067,11559.400000000001
110,133.0,13,1,1,48000.0,997.51,0,0,1168.2622000000001,2668.5815000000007,1168.2622000000001
111,134.0,13,2,0,200000.0,11296.82,7000,20000,28601.0988,29087.092999999993,26920.298799999997
112,135.0,13,2,0,80000.0,2986.82,8000,10000,6124.812,6543.387000000001,6124.812
113,136.0,13,2,1,500000.0,31553.48,11000,50000,101955.6054,115919.55679999999,98522.39240000001
114,137.0,13,2,2,66000.0,1360.42,0,0,444.8119999999999,2237.3695000000007,444.8119999999999
115,138.0,13,2,2,130000.0,5792.42,4000,15000,10318.8,11786.293,10318.8
116,139.0,13,2,3,1200000.0,77707.52,5000,120000,331054.2892,346298.6067452,338348.14286
117,141.0,14,1,0,25000.0,1127.36,0,0,1262.406,1571.7559999999999,1262.406
118,142.0,14,1,0,85000.0,4097.36,0,0,11559.400000000001,13874.067,11559.400000000001
119,143.0,14,1,1,48000.0,2155.73,0,0,1168.2622000000001,2668.5815000000007,1168.2622000000001
120,144.0,14,2,0,200000.0,9329.73,7000,20000,28601.0988,29578.8655,27353.058600000004
121,145.0,14,2,0,80000.0,3339.73,8000,10000,6124.812,6490.450500000001,6124.812
122,146.0,14,2,1,500000.0,23869.59,11000,50000,101955.6054,115919.55679999999,98522.39240000001
123,147.0,14,2,2,66000.0,2826.45,0,0,444.8119999999999,2237.3695000000007,444.8119999999999
124,148.0,14,2,2,130000.0,5794.45,4000,15000,10318.8,11785.7855,10318.8
125,149.0,14,2,3,1200000.0,58849.31,5000,120000,331054.2892,353766.45790519996,338348.14286
126,151.0,15,1,0,25000.0,775.2,0,0,1262.406,1571.7559999999999,1262.406
127,152.0,15,1,0,85000.0,2713.2,0,0,11559.400000000001,13874.067,11559.400000000001
128,153.0,15,1,1,48000.0,1433.62,0,0,1168.2622000000001,2668.5815000000007,1168.2622000000001
129,154.0,15,2,0,200000.0,6308.44,7000,20000,28601.0988,30334.187999999995,28017.7424
130,155.0,15,2,0,80000.0,2432.44,8000,10000,6124.812,6626.544,6124.812
131,156.0,15,2,1,500000.0,15913.97,11000,50000,101955.6054,115919.55679999999,98522.39240000001
132,157.0,15,2,2,66000.0,1898.25,0,0,444.8119999999999,2237.3695000000007,444.8119999999999
133,158.0,15,2,2,130000.0,3878.49,4000,15000,10318.8,12264.775500000002,10318.8
134,159.0,15,2,3,1200000.0,38355.02,5000,120000,331054.2892,361882.1967452,338348.14286
135,161.0,16,1,0,25000.0,817.7,0,0,1262.406,1571.7559999999999,1262.406
136,162.0,16,1,0,85000.0,4362.98,0,0,11559.400000000001,13874.067,11559.400000000001
137,163.0,16,1,1,48000.0,2028.55,0,0,1168.2622000000001,2668.5815000000007,1168.2622000000001
138,164.0,16,2,0,200000.0,8863.16,7000,20000,28601.0988,29695.507999999994,27455.703999999998
139,165.0,16,2,0,80000.0,2388.57,8000,10000,6124.812,6633.1245,6124.812
140,166.0,16,2,1,500000.0,26441.77,11000,50000,101955.6054,115919.55679999999,98522.39240000001
141,167.0,16,2,2,66000.0,2690.19,0,0,444.8119999999999,2237.3695000000007,444.8119999999999
142,168.0,16,2,2,130000.0,5266.66,4000,15000,10318.8,11917.732999999998,10318.8
143,169.0,16,2,3,1200000.0,64787.05,5000,120000,331054.2892,351415.11286520003,338348.14286
144,171.0,17,1,0,25000.0,677.47,0,0,1262.406,1571.7559999999999,1262.406
145,172.0,17,1,0,85000.0,4039.92,0,0,11559.400000000001,13874.067,11559.400000000001
146,173.0,17,1,1,48000.0,1511.11,0,0,1168.2622000000001,2668.5815000000007,1168.2622000000001
147,174.0,17,2,0,200000.0,9388.65,7000,20000,28601.0988,29564.135499999997,27340.0962
148,175.0,17,2,0,80000.0,2857.77,8000,10000,6124.812,6562.744499999999,6124.812
149,176.0,17,2,1,500000.0,25391.4,11000,50000,101955.6054,115919.55679999999,98522.39240000001
150,177.0,17,2,2,66000.0,1873.88,0,0,444.8119999999999,2237.3695000000007,444.8119999999999
151,178.0,17,2,2,130000.0,5451.27,4000,15000,10318.8,11871.580499999998,10318.8
152,179.0,17,2,3,1200000.0,63210.9,5000,120000,331054.2892,352039.2682652001,338348.14286
153,181.0,18,1,0,25000.0,1113.77,0,0,1262.406,1571.7559999999999,1262.406
154,182.0,18,1,0,85000.0,4113.77,0,0,11559.400000000001,13874.067,11559.400000000001
155,183.0,18,1,1,48000.0,2263.77,0,0,1168.2622000000001,2668.5815000000007,1168.2622000000001
156,184.0,18,2,0,200000.0,9000.0,7000,20000,28601.0988,29661.297999999995,27425.5992
157,185.0,18,2,0,80000.0,3500.0,8000,10000,6124.812,6466.41,6124.812
158,186.0,18,2,1,500000.0,22500.0,11000,50000,101955.6054,115919.55679999999,98522.39240000001
159,187.0,18,2,2,66000.0,3027.55,0,0,444.8119999999999,2237.3695000000007,444.8119999999999
160,188.0,18,2,2,130000.0,5750.0,4000,15000,10318.8,11796.898,10318.8
161,189.0,18,2,3,1200000.0,54000.0,5000,120000,331054.2892,355686.78466520004,338348.14286
162,191.0,19,1,0,25000.0,594.3,0,0,1262.406,1571.7559999999999,1262.406
163,192.0,19,1,0,85000.0,2976.0,0,0,11559.400000000001,13874.067,11559.400000000001
164,193.0,19,1,1,48000.0,1389.18,0,0,1168.2622000000001,2668.5815000000007,1168.2622000000001
165,194.0,19,2,0,200000.0,7142.8,7000,20000,28601.0988,30125.597999999998,27834.183200000003
166,195.0,19,2,0,80000.0,2223.07,8000,10000,6124.812,6657.949500000001,6124.812
167,196.0,19,2,1,500000.0,18930.6,11000,50000,101955.6054,115919.55679999999,98522.39240000001
168,197.0,19,2,2,66000.0,1847.19,0,0,444.8119999999999,2237.3695000000007,444.8119999999999
169,198.0,19,2,2,130000.0,4195.38,4000,15000,10318.8,12185.552999999998,10318.8
170,199.0,19,2,3,1200000.0,42945.54,5000,120000,331054.2892,360064.3508252,338348.14286
171,201.0,20,1,0,25000.0,447.37,0,0,1262.406,1571.7559999999999,1262.406
172,202.0,20,1,0,85000.0,4403.79,0,0,11559.400000000001,13874.067,11559.400000000001
173,203.0,20,1,1,48000.0,1083.55,0,0,1168.2622000000001,2668.5815000000007,1168.2622000000001
174,204.0,20,2,0,200000.0,11699.68,7000,20000,28601.0988,28986.377999999997,26831.6696
175,205.0,20,2,0,80000.0,2634.74,8000,10000,6124.812,6596.1990000000005,6124.812
176,206.0,20,2,1,500000.0,34551.51,11000,50000,101955.6054,115919.55679999999,98522.39240000001
177,207.0,20,2,2,66000.0,1176.61,0,0,444.8119999999999,2237.3695000000007,444.8119999999999
178,208.0,20,2,2,130000.0,5356.96,4000,15000,10318.8,11895.158000000001,10318.8
179,209.0,20,2,3,1200000.0,83955.38,5000,120000,331054.2892,343824.4541852,338348.14286
180,211.0,21,1,0,25000.0,852.18,0,0,1262.406,1571.7559999999999,1262.406
181,212.0,21,1,0,85000.0,3702.18,0,0,11559.400000000001,13874.067,11559.400000000001
182,213.0,21,1,1,48000.0,1665.9,0,0,1168.2622000000001,2668.5815000000007,1168.2622000000001
183,214.0,21,2,0,200000.0,8589.59,7000,20000,28601.0988,29763.900499999996,27515.8894
184,215.0,21,2,0,80000.0,3124.52,8000,10000,6124.812,6522.732,6124.812
185,216.0,21,2,1,500000.0,24914.64,11000,50000,101955.6054,115919.55679999999,98522.39240000001
186,217.0,21,2,2,66000.0,2132.15,0,0,444.8119999999999,2237.3695000000007,444.8119999999999
187,218.0,21,2,2,130000.0,4499.83,4000,15000,10318.8,12109.440499999999,10318.8
188,219.0,21,2,3,1200000.0,63343.3,5000,120000,331054.2892,351986.8378652,338348.14286
189,221.0,22,1,0,25000.0,935.81,0,0,1262.406,1571.7559999999999,1262.406
190,222.0,22,1,0,85000.0,3983.5,0,0,11559.400000000001,13874.067,11559.400000000001
191,223.0,22,1,1,48000.0,1712.05,0,0,1168.2622000000001,2668.5815000000007,1168.2622000000001
192,224.0,22,2,0,200000.0,9497.01,7000,20000,28601.0988,29537.045499999993,27316.256999999998
193,225.0,22,2,0,80000.0,3377.01,8000,10000,6124.812,6484.8585,6124.812
194,226.0,22,2,1,500000.0,24544.37,11000,50000,101955.6054,115919.55679999999,98522.39240000001
195,227.0,22,2,2,66000.0,2157.73,0,0,444.8119999999999,2237.3695000000007,444.8119999999999
196,228.0,22,2,2,130000.0,5421.73,4000,15000,10318.8,11878.9655,10318.8
197,229.0,22,2,3,1200000.0,59936.81,5000,120000,331054.2892,353335.8079052,338348.14286
198,231.0,23,1,0,25000.0,877.14,0,0,1262.406,1571.7559999999999,1262.406
199,232.0,23,1,0,85000.0,3427.14,0,0,11559.400000000001,13874.067,11559.400000000001
200,233.0,23,1,1,48000.0,1669.28,0,0,1168.2622000000001,2668.5815000000007,1168.2622000000001
201,234.0,23,2,0,200000.0,8129.28,7000,20000,28601.0988,29878.977999999996,27617.1576
202,235.0,23,2,0,80000.0,3029.28,8000,10000,6124.812,6537.018,6124.812
203,236.0,23,2,1,500000.0,20693.92,11000,50000,101955.6054,115919.55679999999,98522.39240000001
204,237.0,23,2,2,66000.0,2063.56,0,0,444.8119999999999,2237.3695000000007,444.8119999999999
205,238.0,23,2,2,130000.0,4783.56,4000,15000,10318.8,12038.508,10318.8
206,239.0,23,2,3,1200000.0,50073.2,5000,120000,331054.2892,357241.79746519995,338348.14286
207,241.0,24,1,0,25000.0,740.99,0,0,1262.406,1571.7559999999999,1262.406
208,242.0,24,1,0,85000.0,4733.53,0,0,11559.400000000001,13874.067,11559.400000000001
209,243.0,24,1,1,48000.0,1573.74,0,0,1168.2622000000001,2668.5815000000007,1168.2622000000001
210,244.0,24,2,0,200000.0,10719.74,7000,20000,28601.0988,29231.362999999998,27047.256400000002
211,245.0,24,2,0,80000.0,952.2,8000,10000,6124.812,6848.58,6124.812
212,246.0,24,2,1,500000.0,38565.16,11000,50000,101955.6054,115919.55679999999,98522.39240000001
213,247.0,24,2,2,66000.0,1893.92,0,0,444.8119999999999,2237.3695000000007,444.8119999999999
214,248.0,24,2,2,130000.0,5183.55,4000,15000,10318.8,11938.510499999999,10318.8
215,249.0,24,2,3,1200000.0,105954.33,5000,120000,331054.2892,335112.8699852,338348.14286
216,251.0,25,1,0,25000.0,609.25,0,0,1262.406,1571.7559999999999,1262.406
217,252.0,25,1,0,85000.0,3609.25,0,0,11559.400000000001,13874.067,11559.400000000001
218,253.0,25,1,1,48000.0,1511.57,0,0,1168.2622000000001,2668.5815000000007,1168.2622000000001
219,254.0,25,2,0,200000.0,7858.53,7000,20000,28601.0988,29946.665499999996,27676.7226
220,255.0,25,2,0,80000.0,2069.66,8000,10000,6124.812,6680.960999999999,6124.812
221,256.0,25,2,1,500000.0,21981.9,11000,50000,101955.6054,115919.55679999999,98522.39240000001
222,257.0,25,2,2,66000.0,1856.97,0,0,444.8119999999999,2237.3695000000007,444.8119999999999
223,258.0,25,2,2,130000.0,4354.65,4000,15000,10318.8,12145.7355,10318.8
224,259.0,25,2,3,1200000.0,54966.26,5000,120000,331054.2892,355304.14570520003,338348.14286
225,261.0,26,1,0,25000.0,405.41,0,0,1262.406,1571.7559999999999,1262.406
226,262.0,26,1,0,85000.0,3701.96,0,0,11559.400000000001,13874.067,11559.400000000001
227,263.0,26,1,1,48000.0,1387.25,0,0,1168.2622000000001,2668.5815000000007,1168.2622000000001
228,264.0,26,2,0,200000.0,8515.01,7000,20000,28601.0988,29782.545499999993,27532.297
229,265.0,26,2,0,80000.0,2368.43,8000,10000,6124.812,6636.1455000000005,6124.812
230,266.0,26,2,1,500000.0,25323.98,11000,50000,101955.6054,115919.55679999999,98522.39240000001
231,267.0,26,2,2,66000.0,1877.55,0,0,444.8119999999999,2237.3695000000007,444.8119999999999
232,268.0,26,2,2,130000.0,5043.91,4000,15000,10318.8,11973.420499999998,10318.8
233,269.0,26,2,3,1200000.0,64817.43,5000,120000,331054.2892,351403.0823852001,338348.14286
234,271.0,27,1,0,25000.0,605.97,0,0,1262.406,1571.7559999999999,1262.406
235,272.0,27,1,0,85000.0,4698.23,0,0,11559.400000000001,13874.067,11559.400000000001
236,273.0,27,1,1,48000.0,1673.05,0,0,1168.2622000000001,2668.5815000000007,1168.2622000000001
237,274.0,27,2,0,200000.0,10090.54,7000,20000,28601.0988,29388.662999999993,27185.680399999997
238,275.0,27,2,0,80000.0,2285.09,8000,10000,6124.812,6648.646500000001,6124.812
239,276.0,27,2,1,500000.0,29899.05,11000,50000,101955.6054,115919.55679999999,98522.39240000001
240,277.0,27,2,2,66000.0,1920.27,0,0,444.8119999999999,2237.3695000000007,444.8119999999999
241,278.0,27,2,2,130000.0,4962.85,4000,15000,10318.8,11993.685499999998,10318.8
242,279.0,27,2,3,1200000.0,76187.72,5000,120000,331054.2892,346900.4475452,338348.14286
243,281.0,28,1,0,25000.0,452.74,0,0,1262.406,1571.7559999999999,1262.406
244,282.0,28,1,0,85000.0,4241.8,0,0,11559.400000000001,13874.067,11559.400000000001
245,283.0,28,1,1,48000.0,1047.71,0,0,1168.2622000000001,2668.5815000000007,1168.2622000000001
246,284.0,28,2,0,200000.0,10171.6,7000,20000,28601.0988,29368.397999999994,27167.8472
247,285.0,28,2,0,80000.0,2329.81,8000,10000,6124.812,6641.9385,6124.812
248,286.0,28,2,1,500000.0,29844.47,11000,50000,101955.6054,115919.55679999999,98522.39240000001
249,287.0,28,2,2,66000.0,1360.41,0,0,444.8119999999999,2237.3695000000007,444.8119999999999
250,288.0,28,2,2,130000.0,5479.6,4000,15000,10318.8,11864.497999999998,10318.8
251,289.0,28,2,3,1200000.0,75799.58,5000,120000,331054.2892,347054.1509852,338348.14286
252,291.0,29,1,0,25000.0,0.0,0,0,1262.406,1571.7559999999999,1262.406
253,292.0,29,1,0,85000.0,0.0,0,0,11559.400000000001,13874.067,11559.400000000001
254,293.0,29,1,1,48000.0,0.0,0,0,1168.2622000000001,2668.5815000000007,1168.2622000000001
255,294.0,29,2,0,200000.0,0.0,7000,20000,29405.5992,31911.297999999995,29405.5992
256,295.0,29,2,0,80000.0,0.0,8000,10000,6124.812,6991.41,6124.812
257,296.0,29,2,1,500000.0,0.0,11000,50000,101955.6054,119838.284021,101835.4924
258,297.0,29,2,2,66000.0,0.0,0,0,444.8119999999999,2237.3695000000007,444.8119999999999
259,298.0,29,2,2,130000.0,0.0,4000,15000,10318.8,13234.398,10318.8
260,299.0,29,2,3,1200000.0,0.0,5000,120000,333147.31260000006,377070.78466520004,344472.67886000004
261,301.0,30,1,0,25000.0,0.0,0,0,1262.406,1571.7559999999999,1262.406
262,302.0,30,1,0,85000.0,0.0,0,0,11559.400000000001,13874.067,11559.400000000001
263,303.0,30,1,1,48000.0,0.0,0,0,1168.2622000000001,2668.5815000000007,1168.2622000000001
264,304.0,30,2,0,200000.0,0.0,7000,20000,29405.5992,31911.297999999995,29405.5992
265,305.0,30,2,0,80000.0,0.0,8000,10000,6124.812,6991.41,6124.812
266,306.0,30,2,1,500000.0,0.0,11000,50000,101955.6054,119838.284021,101835.4924
267,307.0,30,2,2,66000.0,0.0,0,0,444.8119999999999,2237.3695000000007,444.8119999999999
268,308.0,30,2,2,130000.0,0.0,4000,15000,10318.8,13234.398,10318.8
269,309.0,30,2,3,1200000.0,0.0,5000,120000,333147.31260000006,377070.78466520004,344472.67886000004
270,311.0,31,1,0,25000.0,343.27,0,0,1262.406,1571.7559999999999,1262.406
271,312.0,31,1,0,85000.0,3056.16,0,0,11559.400000000001,13874.067,11559.400000000001
272,313.0,31,1,1,48000.0,717.5,0,0,1168.2622000000001,2668.5815000000007,1168.2622000000001
273,314.0,31,2,0,200000.0,7803.57,7000,20000,28601.0988,29960.405499999993,27688.8138
274,315.0,31,2,0,80000.0,1258.94,8000,10000,6124.812,6802.5689999999995,6124.812
275,316.0,31,2,1,500000.0,26555.88,11000,50000,101955.6054,115919.55679999999,98522.39240000001
276,317.0,31,2,2,66000.0,1032.79,0,0,444.8119999999999,2237.3695000000007,444.8119999999999
277,318.0,31,2,2,130000.0,3675.64,4000,15000,10318.8,12315.488,10318.8
278,319.0,31,2,3,1200000.0,88210.71,5000,120000,331054.2892,342139.3435052,338348.14286
279,321.0,32,1,0,25000.0,236.42,0,0,1262.406,1571.7559999999999,1262.406
280,322.0,32,1,0,85000.0,3235.95,0,0,11559.400000000001,13874.067,11559.400000000001
281,323.0,32,1,1,48000.0,865.77,0,0,1168.2622000000001,2668.5815000000007,1168.2622000000001
282,324.0,32,2,0,200000.0,8296.57,7000,20000,28601.0988,29837.155499999993,27580.353799999997
283,325.0,32,2,0,80000.0,2224.5,8000,10000,6124.812,6657.735000000001,6124.812
284,326.0,32,2,1,500000.0,22206.25,11000,50000,101955.6054,115919.55679999999,98522.39240000001
285,327.0,32,2,2,66000.0,1538.5,0,0,444.8119999999999,2237.3695000000007,444.8119999999999
286,328.0,32,2,2,130000.0,4674.5,4000,15000,10318.8,12065.773,10318.8
287,329.0,32,2,3,1200000.0,54663.59,5000,120000,331054.2892,355424.0030252,338348.14286
288,331.0,33,1,0,25000.0,684.15,0,0,1262.406,1571.7559999999999,1262.406
289,332.0,33,1,0,85000.0,4498.51,0,0,11559.400000000001,13874.067,11559.400000000001
290,333.0,33,1,1,48000.0,1344.51,0,0,1168.2622000000001,2668.5815000000007,1168.2622000000001
291,334.0,33,2,0,200000.0,10999.57,7000,20000,28601.0988,29161.405499999993,26985.693799999997
292,335.0,33,2,0,80000.0,3292.55,8000,10000,6124.812,6497.5275,6124.812
293,336.0,33,2,1,500000.0,31213.67,11000,50000,101955.6054,115919.55679999999,98522.39240000001
294,337.0,33,2,2,66000.0,1559.27,0,0,444.8119999999999,2237.3695000000007,444.8119999999999
295,338.0,33,2,2,130000.0,5869.33,4000,15000,10318.8,11767.065499999999,10318.8
296,339.0,33,2,3,1200000.0,78279.64,5000,120000,331054.2892,346072.0472252,338348.14286
297,341.0,34,1,0,25000.0,856.59,0,0,1262.406,1571.7559999999999,1262.406
298,342.0,34,1,0,85000.0,4155.99,0,0,11559.400000000001,13874.067,11559.400000000001
299,343.0,34,1,1,48000.0,1691.19,0,0,1168.2622000000001,2668.5815000000007,1168.2622000000001
300,344.0,34,2,0,200000.0,9813.64,7000,20000,28601.0988,29457.88799999999,27246.598399999995
301,345.0,34,2,0,80000.0,3362.88,8000,10000,6124.812,6486.977999999999,6124.812
302,346.0,34,2,1,500000.0,26310.64,11000,50000,101955.6054,115919.55679999999,98522.39240000001
303,347.0,34,2,2,66000.0,2359.96,0,0,444.8119999999999,2237.3695000000007,444.8119999999999
304,348.0,34,2,2,130000.0,6103.89,4000,15000,10318.8,11708.4255,10318.8
305,349.0,34,2,3,1200000.0,64803.64,5000,120000,331054.2892,351408.5432252,338348.14286
306,351.0,35,1,0,25000.0,134.01,0,0,1262.406,1571.7559999999999,1262.406
307,352.0,35,1,0,85000.0,1080.77,0,0,11559.400000000001,13874.067,11559.400000000001
308,353.0,35,1,1,48000.0,315.93,0,0,1168.2622000000001,2668.5815000000007,1168.2622000000001
309,354.0,35,2,0,200000.0,2821.88,7000,20000,28784.7856,31205.827999999994,28784.7856
310,355.0,35,2,0,80000.0,598.01,8000,10000,6124.812,6901.708500000001,6124.812
311,356.0,35,2,1,500000.0,9626.69,11000,50000,101955.6054,116661.476321,98522.39240000001
312,357.0,35,2,2,66000.0,444.01,0,0,444.8119999999999,2237.3695000000007,444.8119999999999
313,358.0,35,2,2,130000.0,1474.6,4000,15000,10318.8,12865.747999999998,10318.8
314,359.0,35,2,3,1200000.0,27850.87,5000,120000,331054.2892,366041.84014519997,338348.14286
315,361.0,36,1,0,25000.0,303.09,0,0,1262.406,1571.7559999999999,1262.406
316,362.0,36,1,0,85000.0,2287.62,0,0,11559.400000000001,13874.067,11559.400000000001
317,363.0,36,1,1,48000.0,943.65,0,0,1168.2622000000001,2668.5815000000007,1168.2622000000001
318,364.0,36,2,0,200000.0,6861.54,7000,20000,28601.0988,30195.912999999993,27896.0604
319,365.0,36,2,0,80000.0,1832.41,8000,10000,6124.812,6716.548499999999,6124.812
320,366.0,36,2,1,500000.0,21261.74,11000,50000,101955.6054,115919.55679999999,98522.39240000001
321,367.0,36,2,2,66000.0,1254.77,0,0,444.8119999999999,2237.3695000000007,444.8119999999999
322,368.0,36,2,2,130000.0,3630.53,4000,15000,10318.8,12326.7655,10318.8
323,369.0,36,2,3,1200000.0,56041.63,5000,120000,331054.2892,354878.2991852,338348.14286
324,371.0,37,1,0,25000.0,651.25,0,0,1262.406,1571.7559999999999,1262.406
325,372.0,37,1,0,85000.0,3651.25,0,0,11559.400000000001,13874.067,11559.400000000001
326,373.0,37,1,1,48000.0,1220.42,0,0,1168.2622000000001,2668.5815000000007,1168.2622000000001
327,374.0,37,2,0,200000.0,8594.66,7000,20000,28601.0988,29762.632999999994,27514.773999999998
328,375.0,37,2,0,80000.0,2826.19,8000,10000,6124.812,6567.4815,6124.812
329,376.0,37,2,1,500000.0,23540.81,11000,50000,101955.6054,115919.55679999999,98522.39240000001
330,377.0,37,2,2,66000.0,1818.5,0,0,444.8119999999999,2237.3695000000007,444.8119999999999
331,378.0,37,2,2,130000.0,5218.5,4000,15000,10318.8,11929.773,10318.8
332,379.0,37,2,3,1200000.0,58433.12,5000,120000,331054.2892,353931.26914519997,338348.14286
333,381.0,38,1,0,25000.0,1459.51,0,0,1262.406,1571.7559999999999,1262.406
334,382.0,38,1,0,85000.0,6328.22,0,0,11559.400000000001,13874.067,11559.400000000001
335,383.0,38,1,1,48000.0,2945.21,0,0,1168.2622000000001,2668.5815000000007,1168.2622000000001
336,384.0,38,2,0,200000.0,14000.11,7000,20000,28601.0988,28411.2705,26443.0792
337,385.0,38,2,0,80000.0,4104.18,8000,10000,6124.812,6375.782999999999,6124.812
338,386.0,38,2,1,500000.0,39828.53,11000,50000,101955.6054,115919.55679999999,98522.39240000001
339,387.0,38,2,2,66000.0,4144.22,0,0,444.8119999999999,2237.3695000000007,444.8119999999999
340,388.0,38,2,2,130000.0,8018.11,4000,15000,10301.0988,11229.870499999999,10001.615
341,389.0,38,2,3,1200000.0,102769.66,5000,120000,331054.2892,336373.99930520006,338348.14286
342,391.0,39,1,0,25000.0,767.5,0,0,1262.406,1571.7559999999999,1262.406
343,392.0,39,1,0,85000.0,2609.5,0,0,11559.400000000001,13874.067,11559.400000000001
344,393.0,39,1,1,48000.0,1473.6,0,0,1168.2622000000001,2668.5815000000007,1168.2622000000001
345,394.0,39,2,0,200000.0,6140.0,7000,20000,28601.0988,30376.297999999995,28054.7992
346,395.0,39,2,0,80000.0,2456.0,8000,10000,6124.812,6623.01,6124.812
347,396.0,39,2,1,500000.0,15350.0,11000,50000,101955.6054,115919.55679999999,98522.39240000001
348,397.0,39,2,2,66000.0,2026.2,0,0,444.8119999999999,2237.3695000000007,444.8119999999999
349,398.0,39,2,2,130000.0,3991.0,4000,15000,10318.8,12236.648,10318.8
350,399.0,39,2,3,1200000.0,36840.0,5000,120000,331054.2892,362482.14466520003,338348.14286
351,401.0,40,1,0,25000.0,443.23,0,0,1262.406,1571.7559999999999,1262.406
352,402.0,40,1,0,85000.0,2737.87,0,0,11559.400000000001,13874.067,11559.400000000001
353,403.0,40,1,1,48000.0,983.09,0,0,1168.2622000000001,2668.5815000000007,1168.2622000000001
354,404.0,40,2,0,200000.0,7829.23,7000,20000,28601.0988,29953.9905,27683.168600000005
355,405.0,40,2,0,80000.0,2011.46,8000,10000,6124.812,6689.691000000001,6124.812
356,406.0,40,2,1,500000.0,27378.26,11000,50000,101955.6054,115919.55679999999,98522.39240000001
357,407.0,40,2,2,66000.0,1186.46,0,0,444.8119999999999,2237.3695000000007,444.8119999999999
358,408.0,40,2,2,130000.0,3869.3,4000,15000,10318.8,12267.072999999999,10318.8
359,409.0,40,2,3,1200000.0,69308.26,5000,120000,331054.2892,349624.7137052,338348.14286
360,411.0,41,1,0,25000.0,353.25,0,0,1262.406,1571.7559999999999,1262.406
361,412.0,41,1,0,85000.0,4509.04,0,0,11559.400000000001,13874.067,11559.400000000001
362,413.0,41,1,1,48000.0,1156.93,0,0,1168.2622000000001,2668.5815000000007,1168.2622000000001
363,414.0,41,2,0,200000.0,11368.83,7000,20000,28601.0988,29069.09049999999,26904.456599999998
364,415.0,41,2,0,80000.0,3010.54,8000,10000,6124.812,6539.829,6124.812
365,416.0,41,2,1,500000.0,29695.18,11000,50000,101955.6054,115919.55679999999,98522.39240000001
366,417.0,41,2,2,66000.0,1431.17,0,0,444.8119999999999,2237.3695000000007,444.8119999999999
367,418.0,41,2,2,130000.0,5890.9,4000,15000,10318.8,11761.673,10318.8
368,419.0,41,2,3,1200000.0,73579.37,5000,120000,331054.2892,347933.3541452,338348.14286
369,421.0,42,1,0,25000.0,0.0,0,0,1262.406,1571.7559999999999,1262.406
370,422.0,42,1,0,85000.0,0.0,0,0,11559.400000000001,13874.067,11559.400000000001
371,423.0,42,1,1,48000.0,0.0,0,0,1168.2622000000001,2668.5815000000007,1168.2622000000001
372,424.0,42,2,0,200000.0,0.0,7000,20000,29405.5992,31911.297999999995,29405.5992
373,425.0,42,2,0,80000.0,0.0,8000,10000,6124.812,6991.41,6124.812
374,426.0,42,2,1,500000.0,0.0,11000,50000,101955.6054,119838.284021,101835.4924
375,427.0,42,2,2,66000.0,0.0,0,0,444.8119999999999,2237.3695000000007,444.8119999999999
376,428.0,42,2,2,130000.0,0.0,4000,15000,10318.8,13234.398,10318.8
377,429.0,42,2,3,1200000.0,0.0,5000,120000,333147.31260000006,377070.78466520004,344472.67886000004
378,431.0,43,1,0,25000.0,0.0,0,0,1262.406,1571.7559999999999,1262.406
379,432.0,43,1,0,85000.0,0.0,0,0,11559.400000000001,13874.067,11559.400000000001
380,433.0,43,1,1,48000.0,0.0,0,0,1168.2622000000001,2668.5815000000007,1168.2622000000001
381,434.0,43,2,0,200000.0,0.0,7000,20000,29405.5992,31911.297999999995,29405.5992
382,435.0,43,2,0,80000.0,0.0,8000,10000,6124.812,6991.41,6124.812
383,436.0,43,2,1,500000.0,0.0,11000,50000,101955.6054,119838.284021,101835.4924
384,437.0,43,2,2,66000.0,0.0,0,0,444.8119999999999,2237.3695000000007,444.8119999999999
385,438.0,43,2,2,130000.0,0.0,4000,15000,10318.8,13234.398,10318.8
386,439.0,43,2,3,1200000.0,0.0,5000,120000,333147.31260000006,377070.78466520004,344472.67886000004
387,441.0,44,1,0,25000.0,0.0,0,0,1262.406,1571.7559999999999,1262.406
388,442.0,44,1,0,85000.0,0.0,0,0,11559.400000000001,13874.067,11559.400000000001
389,443.0,44,1,1,48000.0,0.0,0,0,1168.2622000000001,2668.5815000000007,1168.2622000000001
390,444.0,44,2,0,200000.0,0.0,7000,20000,29405.5992,31911.297999999995,29405.5992
391,445.0,44,2,0,80000.0,0.0,8000,10000,6124.812,6991.41,6124.812
392,446.0,44,2,1,500000.0,0.0,11000,50000,101955.6054,119838.284021,101835.4924
393,447.0,44,2,2,66000.0,0.0,0,0,444.8119999999999,2237.3695000000007,444.8119999999999
394,448.0,44,2,2,130000.0,0.0,4000,15000,10318.8,13234.398,10318.8
395,449.0,44,2,3,1200000.0,0.0,5000,120000,333147.31260000006,377070.78466520004,344472.67886000004
396,451.0,45,1,0,25000.0,593.86,0,0,1262.406,1571.7559999999999,1262.406
397,452.0,45,1,0,85000.0,4207.5,0,0,11559.400000000001,13874.067,11559.400000000001
398,453.0,45,1,1,48000.0,1507.39,0,0,1168.2622000000001,2668.5815000000007,1168.2622000000001
399,454.0,45,2,0,200000.0,9900.0,7000,20000,28601.0988,29436.297999999995,27227.5992
400,455.0,45,2,0,80000.0,3062.73,8000,10000,6124.812,6532.0005,6124.812
401,456.0,45,2,1,500000.0,24750.0,11000,50000,101955.6054,115919.55679999999,98522.39240000001
402,457.0,45,2,2,66000.0,2114.72,0,0,444.8119999999999,2237.3695000000007,444.8119999999999
403,458.0,45,2,2,130000.0,6114.72,4000,15000,10318.8,11705.717999999999,10318.8
404,459.0,45,2,3,1200000.0,59400.0,5000,120000,331054.2892,353548.3846652,338348.14286
405,461.0,46,1,0,25000.0,362.49,0,0,1262.406,1571.7559999999999,1262.406
406,462.0,46,1,0,85000.0,3555.19,0,0,11559.400000000001,13874.067,11559.400000000001
407,463.0,46,1,1,48000.0,1005.27,0,0,1168.2622000000001,2668.5815000000007,1168.2622000000001
408,464.0,46,2,0,200000.0,9644.58,7000,20000,28601.0988,29500.15299999999,27283.791599999997
409,465.0,46,2,0,80000.0,1969.04,8000,10000,6124.812,6696.054,6124.812
410,466.0,46,2,1,500000.0,34640.56,11000,50000,101955.6054,115919.55679999999,98522.39240000001
411,467.0,46,2,2,66000.0,1221.99,0,0,444.8119999999999,2237.3695000000007,444.8119999999999
412,468.0,46,2,2,130000.0,4370.57,4000,15000,10318.8,12141.755499999997,10318.8
413,469.0,46,2,3,1200000.0,95164.31,5000,120000,331054.2892,339385.7179052,338348.14286
414,471.0,47,1,0,25000.0,916.85,0,0,1262.406,1571.7559999999999,1262.406
415,472.0,47,1,0,85000.0,4366.85,0,0,11559.400000000001,13874.067,11559.400000000001
416,473.0,47,1,1,48000.0,2181.76,0,0,1168.2622000000001,2668.5815000000007,1168.2622000000001
417,474.0,47,2,0,200000.0,9321.94,7000,20000,28601.0988,29580.812999999995,27354.772399999998
418,475.0,47,2,0,80000.0,3558.7,8000,10000,6124.812,6457.605000000001,6124.812
419,476.0,47,2,1,500000.0,24559.35,11000,50000,101955.6054,115919.55679999999,98522.39240000001
420,477.0,47,2,2,66000.0,2638.53,0,0,444.8119999999999,2237.3695000000007,444.8119999999999
421,478.0,47,2,2,130000.0,5597.55,4000,15000,10318.8,11835.010499999999,10318.8
422,479.0,47,2,3,1200000.0,61014.18,5000,120000,331054.2892,352909.1693852,338348.14286
423,481.0,48,1,0,25000.0,0.0,0,0,1262.406,1571.7559999999999,1262.406
424,482.0,48,1,0,85000.0,0.0,0,0,11559.400000000001,13874.067,11559.400000000001
425,483.0,48,1,1,48000.0,0.0,0,0,1168.2622000000001,2668.5815000000007,1168.2622000000001
426,484.0,48,2,0,200000.0,0.0,7000,20000,29405.5992,31911.297999999995,29405.5992
427,485.0,48,2,0,80000.0,0.0,8000,10000,6124.812,6991.41,6124.812
428,486.0,48,2,1,500000.0,0.0,11000,50000,101955.6054,119838.284021,101835.4924
429,487.0,48,2,2,66000.0,0.0,0,0,444.8119999999999,2237.3695000000007,444.8119999999999
430,488.0,48,2,2,130000.0,0.0,4000,15000,10318.8,13234.398,10318.8
431,489.0,48,2,3,1200000.0,0.0,5000,120000,333147.31260000006,377070.78466520004,344472.67886000004
432,491.0,49,1,0,25000.0,812.31,0,0,1262.406,1571.7559999999999,1262.406
433,492.0,49,1,0,85000.0,4183.5,0,0,11559.400000000001,13874.067,11559.400000000001
434,493.0,49,1,1,48000.0,1751.57,0,0,1168.2622000000001,2668.5815000000007,1168.2622000000001
435,494.0,49,2,0,200000.0,11528.5,7000,20000,28601.0988,29029.172999999995,26869.3292
436,495.0,49,2,0,80000.0,3728.5,8000,10000,6124.812,6432.135,6124.812
437,496.0,49,2,1,500000.0,30898.5,11000,50000,101955.6054,115919.55679999999,98522.39240000001
438,497.0,49,2,2,66000.0,2591.57,0,0,444.8119999999999,2237.3695000000007,444.8119999999999
439,498.0,49,2,2,130000.0,6718.5,4000,15000,10301.0988,11554.773,10287.5292
440,499.0,49,2,3,1200000.0,76138.5,5000,120000,331054.2892,346919.9386652,338348.14286
441,501.0,50,1,0,25000.0,583.88,0,0,1262.406,1571.7559999999999,1262.406
442,502.0,50,1,0,85000.0,4750.94,0,0,11559.400000000001,13874.067,11559.400000000001
443,503.0,50,1,1,48000.0,2105.38,0,0,1168.2622000000001,2668.5815000000007,1168.2622000000001
444,504.0,50,2,0,200000.0,10161.54,7000,20000,28601.0988,29370.912999999993,27170.0604
445,505.0,50,2,0,80000.0,3011.19,8000,10000,6124.812,6539.7315,6124.812
446,506.0,50,2,1,500000.0,29295.84,11000,50000,101955.6054,115919.55679999999,98522.39240000001
447,507.0,50,2,2,66000.0,2190.85,0,0,444.8119999999999,2237.3695000000007,444.8119999999999
448,508.0,50,2,2,130000.0,5927.25,4000,15000,10318.8,11752.5855,10318.8
449,509.0,50,2,3,1200000.0,79230.51,5000,120000,331054.2892,345695.50270520005,338348.14286
450,511.0,51,1,0,25000.0,0.0,0,0,1262.406,1571.7559999999999,1262.406
451,512.0,51,1,0,85000.0,0.0,0,0,11559.400000000001,13874.067,11559.400000000001
452,513.0,51,1,1,48000.0,0.0,0,0,1168.2622000000001,2668.5815000000007,1168.2622000000001
453,514.0,51,2,0,200000.0,0.0,7000,20000,29405.5992,31911.297999999995,29405.5992
454,515.0,51,2,0,80000.0,0.0,8000,10000,6124.812,6991.41,6124.812
455,516.0,51,2,1,500000.0,0.0,11000,50000,101955.6054,119838.284021,101835.4924
456,517.0,51,2,2,66000.0,0.0,0,0,444.8119999999999,2237.3695000000007,444.8119999999999
457,518.0,51,2,2,130000.0,0.0,4000,15000,10318.8,13234.398,10318.8
458,519.0,51,2,3,1200000.0,0.0,5000,120000,333147.31260000006,377070.78466520004,344472.67886000004
